id;name;last_name;mail;password;created_at
1;Callie;Norman;dictum.placerat@fringillapurus.net;52565834;1989-04-17 09:04:46
2;Montana;Fuller;in.magna.Phasellus@ipsumac.co.uk;9C1BD7EC;2009-06-13 05:06:42
3;Charde;Griffin;eu.sem.Pellentesque@pellentesquea.ca;1BC621F5;1973-01-20 10:01:43
4;Marah;Massey;arcu@Cras.edu;02E1DC9B;1982-07-07 12:07:33
5;Trevor;Curtis;dis.parturient.montes@sodalesatvelit.co.uk;57A2ED3D;1986-10-19 08:10:45
6;Lucian;Knight;inceptos.hymenaeos@sedliberoProin.net;09FFACB4;2010-03-31 07:03:44
7;Driscoll;Wong;magna@Quisqueornaretortor.net;B436624A;1990-02-08 08:02:42
8;Jolene;Lynn;orci@Maurisblanditenim.edu;8298244D;1993-03-30 01:03:03
9;Rebekah;Wright;Donec@risus.ca;FAE31555;1988-03-15 02:03:20
10;Farrah;Mayo;Sed.molestie.Sed@magnatellusfaucibus.org;D296ABBF;1974-09-24 12:09:41
11;Demetria;Patel;massa.lobortis.ultrices@dolornonummyac.ca;AE4925E7;2007-04-15 01:04:57
12;Tasha;Villarreal;turpis.nec.mauris@dignissim.edu;9652DFE8;1975-02-14 03:02:14
13;Jordan;Burke;fringilla.ornare.placerat@tristique.ca;C681FA6E;1984-11-25 07:11:28
14;Brielle;Coffey;Quisque.libero.lacus@miacmattis.org;D8D2AA29;2012-02-25 09:02:26
15;Arden;York;pharetra@vehiculaPellentesquetincidunt.net;512E2188;2006-08-29 12:08:03
16;Maya;Jordan;luctus.aliquet.odio@auctorquis.net;033D5E87;2013-11-10 12:11:52
17;Nell;Merrill;enim.commodo@Morbivehicula.co.uk;69E870A0;2013-06-07 11:06:22
18;Mariko;Pearson;lectus.pede.ultrices@posuerecubilia.net;13E51339;1994-03-04 05:03:56
19;Nadine;Nixon;aptent@vel.ca;1520DA18;1979-02-11 10:02:42
20;Nicole;Kramer;Vivamus@magna.ca;BBD90EC3;1994-05-16 05:05:40
21;Justine;Knapp;at.fringilla.purus@consequatpurusMaecenas.net;44174F16;1983-10-20 04:10:03
22;Quin;Cherry;lacus@nec.com;BCE85F72;2010-06-07 07:06:02
23;Winifred;Cooper;mollis.Integer@aliquetliberoInteger.com;8B8A2DA4;1985-06-27 01:06:14
24;Callum;Nunez;Aliquam@gravidasagittisDuis.org;0D2F68FD;1971-05-24 10:05:26
25;Bradley;Trevino;natoque.penatibus.et@Nunc.net;717FCAC6;1976-12-25 12:12:56
26;Yoshio;Day;ipsum.Suspendisse@egestas.edu;A7FD6666;2009-11-30 05:11:15
27;Andrew;Vinson;quam.elementum@magnaa.ca;12B9183D;1982-12-02 12:12:58
28;Brittany;Callahan;rutrum.urna.nec@Nam.co.uk;2C52AC80;2000-06-23 07:06:59
29;Peter;Harrington;malesuada@risusvariusorci.com;687228A5;1988-11-23 10:11:20
30;Lillith;Richmond;dolor.egestas@ut.org;FB24EC06;2000-06-27 01:06:06
31;Chantale;Garcia;egestas@lobortisquispede.com;15D88F13;1997-09-17 02:09:05
32;Jermaine;Holcomb;mi.eleifend.egestas@temporloremeget.org;1D2320F3;1974-02-10 09:02:20
33;Phoebe;Mcneil;eu.enim@sitamet.ca;D5EAE69F;1974-06-20 01:06:06
34;Veda;Kim;Sed.malesuada@eunullaat.com;23247447;2008-01-07 04:01:02
35;Ora;Douglas;lorem@eu.edu;D96C442D;1974-10-01 04:10:56
36;Remedios;Abbott;lobortis.ultrices.Vivamus@libero.co.uk;7B19F8E4;1988-09-20 06:09:00
37;Hyatt;Peck;vel@gravida.co.uk;629CFD12;1988-04-19 01:04:55
38;Felicia;Zimmerman;nibh.enim.gravida@feugiat.edu;D9CF3B82;1973-09-01 05:09:20
39;Kato;Mcfarland;dolor.sit@semegestasblandit.com;B3840721;2004-02-17 03:02:45
40;Shelley;Melton;Proin.vel@estNunc.ca;644247EC;2000-09-13 12:09:22
41;Timon;Hayes;vel@acurnaUt.edu;3B4B0432;1997-03-29 06:03:35
42;Regan;Mccall;nunc@egestas.com;FC83FCBE;2005-10-05 07:10:25
43;Ezekiel;Sharpe;lorem.eget.mollis@dignissimpharetra.co.uk;8FACBA1E;1981-09-24 12:09:31
44;Josiah;Velez;fames.ac.turpis@aliquam.com;8F0130EE;1990-10-09 04:10:21
45;Jael;Wright;Donec@Nunccommodo.org;436EF191;1975-08-17 07:08:08
46;Hyatt;Raymond;parturient.montes@vulputate.net;87A88D96;2004-10-31 10:10:56
47;Julie;Walton;fermentum.vel.mauris@ligula.ca;A7D16D2F;1987-02-17 02:02:51
48;Cathleen;Shaffer;nibh.vulputate@sociisnatoquepenatibus.org;82E3B614;2010-03-28 03:03:22
49;Sade;Pennington;ullamcorper.velit.in@elitCurabitursed.co.uk;6B64CC2F;1989-10-01 01:10:49
50;Armando;Silva;Donec@Loremipsum.net;08EEB95C;2006-12-13 01:12:06
51;Celeste;Barrera;ullamcorper.Duis@Phasellusdolorelit.ca;CD4221E4;1971-01-07 09:01:53
52;Marah;Diaz;vel@utdolordapibus.edu;7FB5E6E3;1982-03-11 12:03:48
53;Quyn;Lawrence;erat.volutpat@vehiculaPellentesque.com;00253462;1998-03-15 08:03:22
54;Irma;Schroeder;neque.non.quam@Donecnibh.net;CFB759E4;1983-08-15 11:08:11
55;Britanney;Velazquez;fermentum@Cras.org;4686BCB2;2014-02-28 01:02:53
56;Dahlia;Rivas;arcu.ac@dictum.com;DF386825;2014-07-24 10:07:29
57;Zachery;Klein;lacinia.mattis@Donec.com;BBA4250E;1983-09-16 07:09:11
58;Yetta;Wilkins;tincidunt@malesuadautsem.com;E0319A9B;1989-05-02 12:05:38
59;Hasad;Mueller;leo.Cras.vehicula@leo.co.uk;6A90EC6F;2010-07-15 09:07:34
60;Troy;Fox;tellus.id.nunc@iaculisquispede.co.uk;48F7A823;2013-06-26 10:06:05
61;Briar;Lindsay;semper.rutrum@egestasSed.co.uk;63AF48CA;1980-01-11 12:01:20
62;Idona;Mann;Donec.tempor@ante.edu;2DA154A7;1976-11-06 05:11:16
63;Xandra;Clayton;vitae.mauris@at.edu;F9398825;1995-07-22 09:07:46
64;Nora;Baldwin;id.nunc.interdum@velit.org;5030285D;2000-11-28 08:11:13
65;Stuart;England;tristique.neque.venenatis@vitae.net;1C656FD9;1998-08-27 12:08:26
66;Ainsley;Young;at@vehiculaetrutrum.co.uk;2D05D2D2;1989-11-19 06:11:37
67;Sylvia;Good;tristique@magnaSed.ca;535B8CA6;1975-01-08 03:01:06
68;Warren;Alvarez;ridiculus.mus@eleifendnecmalesuada.edu;E4FEAD17;2006-05-26 02:05:06
69;Axel;Freeman;Phasellus.dapibus@inconsectetueripsum.com;746D0E9A;1992-02-20 09:02:58
70;Walker;Galloway;vel.quam@Nullamsuscipit.co.uk;C83B6D98;2009-07-19 02:07:10
71;Louis;Macdonald;eu.neque@magnased.ca;DED3CD25;1971-09-11 05:09:16
72;Jeanette;David;ut@mollis.net;1A446B2F;1973-03-06 09:03:44
73;Jameson;Franks;eu.sem@luctus.com;C1395F77;1987-12-28 10:12:14
74;Alisa;Joseph;ac.facilisis.facilisis@massa.org;0314880A;1982-01-31 08:01:58
75;Dalton;Cross;et@ut.com;5068AB81;1982-09-01 10:09:07
76;Ruth;Pacheco;at@eratVivamus.com;E580A08A;2008-08-19 08:08:57
77;Alan;Smith;a.nunc.In@arcu.edu;641DDB85;1997-05-01 12:05:52
78;Porter;Brennan;elit@tellusjustosit.org;38BB86C1;1997-04-13 06:04:47
79;Jillian;Keith;urna@felis.co.uk;6947623F;1990-07-06 06:07:15
80;Aubrey;Hines;nec.quam.Curabitur@Donec.com;7DC39596;2001-09-25 06:09:12
81;Odette;Noble;euismod.enim.Etiam@Maurisblanditenim.net;B85F0B13;1972-08-19 02:08:09
82;Linda;Sloan;egestas@vitae.edu;8DD517BA;2001-10-02 12:10:05
83;Bo;Payne;turpis.In@mollisnec.co.uk;5D6AD76F;2010-08-29 09:08:38
84;Arden;Bass;erat.semper@ultricesmauris.org;7645B5C6;1986-07-05 03:07:42
85;Marny;Dickerson;odio.a@blanditenim.ca;487A3429;1996-07-21 07:07:39
86;Slade;Carney;pellentesque.tellus@Aeneanegetmetus.ca;58FADBFA;2006-08-13 11:08:22
87;Amena;Carey;quam@sitamet.co.uk;1E5898DC;1988-11-25 09:11:38
88;Autumn;Weeks;libero.et@Proinvelnisl.co.uk;7D678438;2007-09-08 02:09:21
89;Graham;Davidson;aptent.taciti@orci.co.uk;E2D3B7C8;1992-01-13 06:01:41
90;Vladimir;Dodson;et.malesuada@actellusSuspendisse.org;9F307B5B;1994-04-14 03:04:21
91;Ebony;Donovan;sem@egetmetus.co.uk;7FF53BC0;1971-10-17 11:10:56
92;Alana;Leon;volutpat.Nulla.facilisis@magnisdisparturient.org;34575D3A;1994-07-13 05:07:43
93;Jemima;Sims;mauris.sapien.cursus@nibh.net;1FA14DC1;1988-11-28 11:11:34
94;Amaya;Preston;risus@risusodioauctor.org;43CAB17E;1994-04-30 01:04:02
95;Alan;Irwin;magna.nec@loremsit.edu;4C1ED6CA;1992-01-20 09:01:05
96;Lionel;Hayes;arcu.Vestibulum.ut@elitpede.ca;EECA97B0;1990-04-24 12:04:17
97;Jena;Rogers;elit@Nunc.org;4F46E1CA;1990-11-10 02:11:22
98;Deanna;Noel;luctus@tempusnonlacinia.edu;5801299E;1977-05-19 11:05:15
99;Zachery;Valdez;mauris.erat@enimgravidasit.org;4C6834AF;1997-05-14 07:05:58
100;Imogene;Gould;elementum@quamquisdiam.net;064187B2;2014-10-07 12:10:53